,title,length,views,url,type of discourse,label
0,Esc√∫chalo completo en M√°s All√° del Rosa en YouTube,59,77621,https://www.youtube.com/watch?v=lfKUPNGm2Ns,interview,non-hate
1,"AMLO responde a #X√≥chitlG√°lvez y niega ser #machista: ""eso s√≠ calienta"" #Short #LaMa√±anera",55,3196828,https://www.youtube.com/watch?v=TCz4dMRtR_M,speech,non-hate
2,El hombre no se cansa de la misma mujer ü¶â#reflexion #amorpropio #crecimientopersonal #relaciones,27,23130,https://www.youtube.com/watch?v=PhoIN9hqRgE,speech,hate
3,Identidad de genero #short #identidadegenero #identidad #g√©neros #genero #trans #lgbt #lgtbiq #gay,21,647,https://www.youtube.com/watch?v=I4mFxY4mhGE,speech,non-hate
4,NATALIA MALDINI: El machismo en la industria del cine,60,824,https://www.youtube.com/watch?v=cODcojX6DpI,speech,non-hate
5,#marthaherrera #feminismo #mujeresqueinspiran #mujeresempoderadas #viral,39,4319,https://www.youtube.com/watch?v=84cwTQq5eCs,speech,non-hate
6,El Patriarcado existe? actualmente?#transgeneros #bisexual#lgtbespa√±a #machoalfa#patriarcado#hombre,37,3018,https://www.youtube.com/watch?v=dBLiOltdRp0,speech,hate
7,HOMBRES vs MUJERES üèùÔ∏è #shorts #feminismo #youtubeshorts #viral #viralvideo #shortvideo #short,32,12699,https://www.youtube.com/watch?v=ZcAj8ZtAJYY,response,hate
8,ERES UN CARA #soyunmono #leytrans #8M #feminismo #humor #viral,52,12574,https://www.youtube.com/watch?v=QPBlryr7GII,speech,hate
9,üßê¬øQue son los estereotipos de g√©nero? ‚öß,56,461,https://www.youtube.com/watch?v=g_0ZaJKIXnQ,speech,non-hate
10,HIJO DE BEN AFFLECK REVEL√ì SER NO BINARIO üó£   #TelemetroNews #shorts,43,5807,https://www.youtube.com/watch?v=UO3CfhlVRCo,debate,non-hate
11,"Un ""divorcio duro"" no justifica la violencia machista, se√±or Feij√≥o",46,7721,https://www.youtube.com/watch?v=KI-VTOi5oMU,debate,non-hate
12,El patriarcado me golpea,33,1416,https://www.youtube.com/watch?v=fo--PMipPzk,debate,hate
13,Opiniones? ü§îüëÄü§∑üèª‚Äç‚ôÇÔ∏èüè≥Ô∏è‚Äçüåà #feminismo #shorts #viral #youtubeshorts #short #viralvideo #youtube,49,10156,https://www.youtube.com/watch?v=Z_QTFiLxi9Y,interview,non-hate
14,"Me dijo ""ME GUSTAS PERO ERES GORDA"" üò± | UnTalFredo",59,45540,https://www.youtube.com/watch?v=Cfj2eLLWJmo,speech,non-hate
15,"#Shorts Nueva violencia machista, m√°s barbarie",60,537,https://www.youtube.com/watch?v=dw66KlJJRvE,speech,non-hate
16,La brecha salarial no existe. @paulattier #brechasalarial #feminismo #redpillpodcast,54,256315,https://www.youtube.com/watch?v=8GeaH7aD-SI,speech,non-hate
17,El hombre es la provisi√≥n y la cobertura y la mujer es el coraz√≥n y la paz ‚ù§Ô∏è #roles #genero,49,2503,https://www.youtube.com/watch?v=Zs9X5Nd_IyU,debate,non-hate
18,MI T√çO MENOS MACHISTA,13,1689,https://www.youtube.com/watch?v=HsArrj64rFk,response,hate
19,Frank Cuesta opina del movimiento LGBT+,60,1562451,https://www.youtube.com/watch?v=zTnVOjKJ_PE,debate,hate
20,El mundo putrefacto de los #progres nos da√±a El #cambiodesexo algo grave que ellos toman a la ligera,57,1962,https://www.youtube.com/watch?v=zxDo6081eCQ,debate,hate
21,Esto es el feminismoüíú #feminismo #feminista #shorts #youtube #ideas #parati #amorpropio,20,16719,https://www.youtube.com/watch?v=0LUkqeVGMLc,speech,non-hate
22,Mensaje imperdible. #Mujeres #estereotipos  #setu,45,36,https://www.youtube.com/watch?v=iuDGmhp-XCI,debate,non-hate
23,Se utiliza bien la palabra #machista?,61,1215,https://www.youtube.com/watch?v=GK6eONcUEZg,response,hate
24,un chiste machista,9,1794,https://www.youtube.com/watch?v=UZtjfPLHhb4,debate,hate
25,En el D√≠a Internacional de la Mujer debemos reflexionar sobre lo que Dios dice,37,7583,https://www.youtube.com/watch?v=_vClks3kzK8,speech,hate
26,Recibo hate por mi edad y respondo ü§¨,48,7141417,https://www.youtube.com/watch?v=VUh9Jgr93KA,response,hate
27,El impacto cultural de los ba√±os neutrales en cuanto al g√©nero en los Estados Unidos,33,2873,https://www.youtube.com/watch?v=3Ieo9Bq9wX4,debate,hate
28,"NEVENKA: ""Enfrentarme a mi agresor casi me cuesta la vida"" #machismo #feminismo #shorts #shortvideo",60,6055,https://www.youtube.com/watch?v=n3T8l5l8PH4,debate,non-hate
29,‚úî G√©nero no BINARIO ¬øSon RADICALES?ü§î(Nicole Gordita),49,6712,https://www.youtube.com/watch?v=HaSZBRghTqk,debate,non-hate
30,¬øUna chica trans deber√≠a hablar sobre su identidad de g√©nero antes de una cita?,59,1251729,https://www.youtube.com/watch?v=PxlSUMQ_2z8,informative,non-hate
31,LA MASCULINIDAD NO ES T√ìXICA,49,5918,https://www.youtube.com/watch?v=licDSLUid04,speech,hate
32,"Bustamante se disculpa por decir que no es ""ni machista ni feminista""",65,7734,https://www.youtube.com/watch?v=cc0pl0_fXbc,speech,non-hate
33,OJAL√Å ME SALVE UN HOMBREüë®üèΩ‚Äçüöíüë®üèΩ‚Äçüöí#short #podcast #show #bomberos #igualdad #hombres #feminismo #mujer,34,11098,https://www.youtube.com/watch?v=kvdWJ3RGRfk,speech,hate
34,MASCULINIDAD TOXICA,57,23806,https://www.youtube.com/watch?v=ghtCIAxYjWs,speech,non-hate
35,ENTREVISTA | PRIMER MARCHA POR LA VISIBILIDAD TRANS BINARIAüè≥Ô∏è‚Äç‚ößÔ∏è & NO BINARIEüíõü§çüíúüñ§ - COLIMA.,60,517,https://www.youtube.com/watch?v=OctjUNQaZSE,speech,non-hate
36,En Domina estamos rompiendo estereotipos de g√©nero üíô‚Äã,44,71,https://www.youtube.com/watch?v=qZvBqo_bkRg,speech,non-hate
37,A FONDO | Desigualdad social y laboral,20,265,https://www.youtube.com/watch?v=AJ7xKbmCrjg,speech,non-hate
38,Los roles de g√©nero pueden ser asfixiantes üôÑ #podcast #seregalandudas,57,6503,https://www.youtube.com/watch?v=fa8YAaqevAM,debate,non-hate
39,¬øUn hijo transg√©nero no binario?,18,1476,https://www.youtube.com/watch?v=HkMnfkQ-jek,debate,hate
40,¬øEl 8M se ha desvirtuado o se ha fortalecido en M√©xico? Esto piensan las j√≥venes #SinFiltro.,53,1609,https://www.youtube.com/watch?v=3lYAv6ZvbDU,debate,non-hate
41,Los No Binarios üè≥Ô∏è‚Äçüåà son Binariosü§£,43,8083,https://www.youtube.com/watch?v=cocUtlUSUMU,speech,hate
42,"Actor de ""El juego del calamar"" es acusado de abus0 sexual",60,558180,https://www.youtube.com/watch?v=8j74kQ97Q7M,informative,non-hate
43,"El machista margina a la mujer, la sociedad necesita hombres",30,324,https://www.youtube.com/watch?v=3YMJhZlu93c,speech,non-hate
44,Quema de brujas feminista #compas #feminismo #ideologiadegenero #opinion #machismo,41,45993,https://www.youtube.com/watch?v=esDCouAMbjs,speech,hate
45,FRANK: NO SE PUEDE DECIR NADA,53,216644,https://www.youtube.com/watch?v=sJ0ILNpL-8E,speech,hate
46,#AmigoDateCuenta Hablemos de los privilegios con los que nos crian a los varones,67,42738,https://www.youtube.com/watch?v=q4bWBw-b98E,informative,non-hate
47,As√≠ es tener mujer y novia a la vez #tengounplan1,44,965322,https://www.youtube.com/watch?v=0Bne0cItTow,interview,non-hate
48,¬øHay igualdad? #entrevistas #pol√≠tica #8m #feminismo #patriarcado #machismo #igualdad #desigualdad,56,6367,https://www.youtube.com/watch?v=n8UqQL5THRs,speech,non-hate
49,Deberian los ba√±os ser Unisex? üò¨üßê #machismo #feminismo #hombres #mujer #lgbt #genero #igualdad,16,10515,https://www.youtube.com/watch?v=Y06a1UIRXwY,interview,non-hate
50,Privilegios masculinos y que hacer con ellos.,28,422,https://www.youtube.com/watch?v=iNRNhBpOz5Y,interview,non-hate
51,X G√©nero no binario y DNI Que opinan?,15,6463,https://www.youtube.com/watch?v=49aVXq3dRYY,informative,non-hate
52,d√≠a del orgullo,11,1436,https://www.youtube.com/watch?v=tKYks89ZOOM,informative,non-hate
53,Los privilegios de ser hombre ‚Ä¶,46,70,https://www.youtube.com/watch?v=rh2S5iqAxG4,debate,non-hate
54,Reclama tu lugar y no dejes que nada ni nadie te opaque. #parati #feminismo #youtubeshorts,52,62452,https://www.youtube.com/watch?v=Zqjo-Iz6_5s,interview,non-hate
55,üëÄEL JINCHO DESMONTA LA IDEOLOGIA DE IRENE MONTERO #shorts #irenemontero #eljincho #ideologiadegenero,53,69065,https://www.youtube.com/watch?v=qd0_dRQpaaE,speech,hate
56,La BRECHA SALARIAL NO EXISTE #shorts,39,3072,https://www.youtube.com/watch?v=cK0YeB88-_o,reponse,hate
57,¬øDiscriminaci√≥n en ba√±os a mujeres trans en CDMX? - #SinFiltro,58,1018,https://www.youtube.com/watch?v=8DLwd7cbRcA,report,non-hate
58,Las mujeres que trabajan vs las amas de casa #feministas #mujeres #derechos #mexico,59,397,https://www.youtube.com/watch?v=1I73pS3342k,debate,non-hate
59,Igualdad de oportunidades. #feminismo #radfem #igualdad #redill,54,7750,https://www.youtube.com/watch?v=2bqBVg4cCoY,speech,hate
60,Estereotipos de g√©nero #elianegallero #podcast #stefroitman #ntertainstudios,60,1054,https://www.youtube.com/watch?v=aZ7xbfYXqzk,interview,non-hate
61,EMILIA MERNES: ‚ÄúLa industria sigue siendo s√∫per machista‚Äù | #Shorts,60,4351,https://www.youtube.com/watch?v=YDl9m9G1URA,speech,non-hate
62,¬øY DONDE QUED√ì EL PATRIARCADO? - Agustin Laje,57,31677,https://www.youtube.com/watch?v=IUc8hybpt5g,response,hate
63,Hombre invisible #humor #igualdad #comedia #hombre #invisible,20,5742,https://www.youtube.com/watch?v=urptR7O8k3Y,speech,hate
64,¬øC√≥mo sostienen los privilegios?,28,16,https://www.youtube.com/watch?v=wzvbT9cpyrs,informative,non-hate
65,Actitudes machistas y c√≥mo actuar frente a ellas #shorts #actuar #machismo #reflexiones #parati,40,784,https://www.youtube.com/watch?v=aHoEvKk6-Rg,informative,non-hate
66,WTF GERMAN MACHISTA?,16,604,https://www.youtube.com/watch?v=DDKZioujniY,parody,hate
67,Progresismo | Modernidad,56,487,https://www.youtube.com/watch?v=01vPBwuybUI,response,hate
68,danann doma a feminista en vivo üóΩ#debate #liberal #fyp #shorts,55,1645162,https://www.youtube.com/watch?v=wL9DzFb18Fo,debate,hate
69,Cristina Fallar√°s: ‚ÄúLa maternidad es la herramienta del patriarcado para someternos‚Äù,58,402,https://www.youtube.com/watch?v=gq6DwyslxA0,speech,non-hate
70,"""Yo por la ma√±ana soy hombre, por la tarde soy mujer y por la noche soy caballo...""",43,5005,https://www.youtube.com/watch?v=fAe4CNrQbCw,speech,hate
71,¬øQu√© es ser no binarie? Te explicamos todo lo que necesitas saber de esta identidad,48,4261,https://www.youtube.com/watch?v=jZyzLZgYUag,informative,non-hate
72,PRIVILEGIOS POR SER HOMBRE,56,2221,https://www.youtube.com/watch?v=x_jILT3quz8,debate,non-hate
73,#feminismo #viral #parejastoxicas #parejaabusiva,60,31576,https://www.youtube.com/watch?v=mM8xdt9_8zE,debate,non-hate
74,Estereotipos de g√©nero,22,3479,https://www.youtube.com/watch?v=36_ah8xvVqw,debate,non-hate
75,A mis pap√°s les dijeron que yo iba a nacer ni√±o,60,16511,https://www.youtube.com/watch?v=u7k_5E8y9Ac,speech,non-hate
76,Mujeres promiscuas no son queridas #redpill #podcast #madres,44,174974,https://www.youtube.com/watch?v=j3I65SWFrfs,debate,hate
77,La definici√≥n de mujer de Irene Montero #endikafl #liberalismo #espa√±a #ideologiadegenero #milei,59,2676,https://www.youtube.com/watch?v=p8A8XzJSzQg,speech,hate
78,Ll√°mame guape #shorts #floramargo #trans #nobinarie,58,76181,https://www.youtube.com/watch?v=f3OpR3YXt48,speech,non-hate
79,El problema del patriarcado,39,822,https://www.youtube.com/watch?v=FMjvOerU4P8,debate,non-hate
80,Ser fiel no es un sacrificio Es un privilegio Que pocas Personas tienen üëèüèª‚ù§Ô∏è,12,3755,https://www.youtube.com/watch?v=Q8gPf9vfhQ0,speech,non-hate
81,DISNEY APUESTA FUERTE por el PROGRESISMO!!!,60,86473,https://www.youtube.com/watch?v=m-cZHMNLQQU,report,hate
82,"Machismo, feminismo y misandria",58,182304,https://www.youtube.com/watch?v=CzAEvUdJbBU,informative,non-hate
83,Jos√© Maria Muscari te invita a la primera Marcha No Binarie #nobinarie #muscari #marchanobinarie,12,1272,https://www.youtube.com/watch?v=zOnwhhE-ouE,speech,non-hate
84,"""Hombres que Resuelven"" desde una perspectiva patriarcal | Feminismo en Corto sin Tanto Rollo",60,2501,https://www.youtube.com/watch?v=itw9D_m5vp4,speech,non-hate
85,¬øEst√° la sociedad occidental m√°s avanzada? #entrevistas #pol√≠tica #feminismo #patriarcado #machismo,45,2915,https://www.youtube.com/watch?v=EbQ5qlBtRO0,interview,non-hate
86,GORDOFOBIA EN EL CINE | NOS TIENEN CONTENTAS  #shortsfeed  #entrevista,59,19054,https://www.youtube.com/watch?v=yr0iyfQ6npM,interview,non-hate
87,¬øQu√© es el movimiento TERF?,60,344476,https://www.youtube.com/watch?v=6NWEfTIepbY,interview,non-hate
88,¬øQU√â SON LAS PERSONAS NO BINARIAS?,117,90654,https://www.youtube.com/watch?v=P4wfvuD5xmY,report,non-hate
89,"Nos han ense√±ado a decir que #no, cuando queremos decir que #si. #podcast #feminismo #debate",60,1101,https://www.youtube.com/watch?v=m10vttIOuQM,debate,non-hate
90,¬øPor qu√© pasa esto con los ginec√≥logos? #LQNTC,25,4710,https://www.youtube.com/watch?v=lDo1hjTKRzI,speech,non-hate
91,Mujeres con complejo de inferioridad #redpill #machos #feminismo,58,220521,https://www.youtube.com/watch?v=KfqNXZrJCdA,reponse,hate
92,Barbie üíïüë±‚Äç‚ôÄÔ∏è Opini√≥n sin Spoilers #barbie #margotrobbie #cine #peliculas #movies,57,95,https://www.youtube.com/watch?v=VbG_MGM8S8g,speech,non-hate
93,¬øSe fuma porros?,58,428,https://www.youtube.com/watch?v=khqzfAmWQTI,response,hate
94,Las mujeres somos un Rolex  Mizada #fernandolozano #shorts #mizadamohamed  #mujeresempoderadas,23,926409,https://www.youtube.com/watch?v=n0dMNQSTDec,interview,non-hate
95,"Sobre las campanadas de Cristina Pedroche, Jenni Hermoso y el feminismo #endikafl #ideologiadegenero",59,957,https://www.youtube.com/watch?v=OoxPI3Aaph0,debate,hate
96,HARTA del MICROMACHISMO ü§¨ #podcast #machismo #entrevista #terapia #igualdad #salud #mexico #cdmx,47,440,https://www.youtube.com/watch?v=wR0Zm-uOiTk,interview,non-hate
97,"Eva hache - ""Yo no tengo la regla, soy menop√°usica""",57,410501,https://www.youtube.com/watch?v=ENsAO7QGLm8,interview,non-hate
98,Qu√© es la identidad no binaria ? #lgbtqia #latino #genero #shorts #queer,9,3028,https://www.youtube.com/watch?v=1UfUmhSUUps,informative,non-hate
99,¬øTienes dudas de tu identidad de g√©nero? #trans #nobinarie #nonbinary #identidaddegenero,36,41,https://www.youtube.com/watch?v=1BPCo37QEnM,speech,non-hate
100,TENEMOS DERECHOS Y LAS MISMAS OPORTUNIDADES #vemarket #danielca√±ete #mujeres #igualdad,18,265173,https://www.youtube.com/watch?v=cBucxb14phU,debate,hate
101,¬øEs feminista el nuevo videoclip de Bad Gyal? | Aida Bao en Notas de voz desde la terraza,132,624,https://www.youtube.com/watch?v=mXQ6GLxpG3w,debate,non-hate
102,MERNUEL MACHISTA,16,489452,https://www.youtube.com/watch?v=2A27yqCKN7Q,response,hate
103,Encontre la MUJER DE MIS SUE√ëOS | llados,37,22035,https://www.youtube.com/watch?v=28cSBm6bCxY,interview,non-hate
104,¬øMiare es una v√≠ctima de su madre? #delox #dalas #dalasreview #smae_podcast #shorts,54,502027,https://www.youtube.com/watch?v=QZ3RC8gWRh8,response,hate
105,Si mi mujer se pone gorda se va a la calle#mujer #llados #respeto #dios #cuerpo  #amorpropio#dinero,59,10074,https://www.youtube.com/watch?v=JxQQZySPea0,speech,hate
106,"Rufi√°n estalla en defensa de Irene Montero: ""Ya basta""",43,61036,https://www.youtube.com/watch?v=4y7cYXO7B_k,interview,non-hate
107,5 famosos de g√©nero no binario que no sab√≠as #lgbt #bisexual,48,2769,https://www.youtube.com/watch?v=68z5WuMIGvE,debate,non-hate
108,LA MASCULINIDAD EN BARBIE #peliculadebarbie  #barbie #barbiemovie #barbielapelicula #barbieopinion,58,3593,https://www.youtube.com/watch?v=HnbENVnPJ5g,speech,non-hate
109,Jordi Wild da su opini√≥n sobre la pel√≠cula de Barbie y de la gente que se ha ofendido por ella,59,717086,https://www.youtube.com/watch?v=yamwqK78-ak,debate,non-hate
110,Candidata Catalina Ortiz reconoce que video de acto machista fue un montaje #Shorts | El Tiempo,60,16005,https://www.youtube.com/watch?v=exM2nj-KYoQ,interview,non-hate
111,¬øMachismo igual a misoginia?,16,2399,https://www.youtube.com/watch?v=a8UBtrquqws,speech,non-hate
112,"""Hay un meme con ser machista en RRSS y al final se perpet√∫a"" Andrea Men√©ndez",26,18740,https://www.youtube.com/watch?v=NEZvCHvmzGA,interview,non-hate
113,El privilegio de ser hombre??,45,37,https://www.youtube.com/watch?v=ekCm5PS58jo,debate,hate
114,Machismo en la carrera de la mujer? #feminismo #pol√≠tica #cr√≠ticasocial,54,523,https://www.youtube.com/watch?v=NrNIJAxyKio,interview,hate
115,"""No soy ni esto ni aquello""",49,2583,https://www.youtube.com/watch?v=iNYqfCQ5F6Q,interview,non-hate
116,"Si el M√âDICO te dice que DEBER√çAS ADELGAZAR, es GORD√ìFOBO ‚ö†Ô∏è #gordofobia #saludmental #brianzaballos",60,1935492,https://www.youtube.com/watch?v=WaYa9jOWAGA,response,hate
117,Like si t√∫ tambi√©n te identificas como Ironman#mujeres #trans #transgenero #transfobia #feminista,41,1184411,https://www.youtube.com/watch?v=20otbcj_-js,response,hate
118,üü£CARLOS CUEVAS sobre el #MACHISMO y el comportamiento de los #HOMBRES #feminismo #igualdad #shorts,33,18963,https://www.youtube.com/watch?v=nsxr-KiNteo,interview,non-hate
119,‚ÄúLas mujeres tienen tambi√©n que hacer pesas‚Äù üèãÔ∏è‚Äç‚ôÄÔ∏è#tengounplan,59,2290028,https://www.youtube.com/watch?v=IC6BsMn8jD4,interview,non-hate
120,Primer¬†Instituto¬†del¬†Hombre¬†en¬†el¬†Mundo #feminismo #ideologiadegenero #opinion #machismo,60,17070,https://www.youtube.com/watch?v=-y_kB7QeeUk,debate,non-hate
121,¬øQui√©n m√°s me cr√≠tica en el colectivo masculino?,56,21060,https://www.youtube.com/watch?v=3lBr_stroPI,debate,non-hate
122,¬øC√≥mo es ser QUEER y con DISCAPACIDAD? | GUZ GUEVARA contra la discriminaci√≥n #nmasmedia #MEDIA,60,623,https://www.youtube.com/watch?v=TFWeQrYR2jY,informative,non-hate
123,"MACHO OPRESOR Y PATRIARCAL, TE ATIENDE DANNAN | Jorge Libertad üóΩ",60,390852,https://www.youtube.com/watch?v=eMcYc06pZ9Q,debate,hate
124,"Candela Pe√±a tiene 50 a√±os y dice ESTO sobre ser ""PURETA""",46,85137,https://www.youtube.com/watch?v=qTedC4xtX0Q,debate,non-hate
125,M√©xico üá≤üáΩ Machista y violento | #NiUnaMenos | #YoTeCreo #YoSiTeCreo | Violencia de G√©nero M√©xico,59,171,https://www.youtube.com/watch?v=5I2Dr27Qrc8,speech,non-hate
126,Diversifiquemos las narrativas y rompamos con los estereotipos de g√©nero,46,29,https://www.youtube.com/watch?v=9tl0pSTqX3Q,speech,non-hate
127,el d√≠a en que el rockero fascista Emmanuel Danann insult√≥ y denigr√≥ a una chica provida/#gordofobia,28,16710,https://www.youtube.com/watch?v=yY1TA3KEFZY,debate,hate
128,como? cyqve machista ?,13,261,https://www.youtube.com/watch?v=O34hRQeIHjM,speech,hate
129,‚ÄúCada quien puede vestir como quiera‚Äù Primer Magistrade No Binario,48,55722,https://www.youtube.com/watch?v=KjIGteaNLHY,informative,non-hate
130,Necesidad de hombres fuertes #eltemach #modoguerra,60,10568,https://www.youtube.com/watch?v=__djQRfqaXY,speech,hate
131,Creo que Marcela es Hombre y no lo sabe :v #zurdos #danann #progresismo #feminismo #feminista,59,534640,https://www.youtube.com/watch?v=eXwmuMbBqMA,debate,hate
132,EL FEMINISMO CONSIENTE A LAS MUJERES #feminismo #cortos,58,18768,https://www.youtube.com/watch?v=6Xm3tFlHmmg,debate,hate
133,El D√≠a de la Visibilidad No Binaria recordamos esta gran respuesta de Irene Montero,53,131226,https://www.youtube.com/watch?v=a_N23xZ6Uhc,speech,non-hate
134,"""Nuestros derechos sexuales es poder disfrutar de nuestro propio cuerpo""",60,25010,https://www.youtube.com/watch?v=--Uerl6fqs0,speech,non-hate
135,¬°Combatiendo el Machismo! Desafiando estereotipos de geÃÅnero y promoviendo la igualdad.  #podcast,20,16,https://www.youtube.com/watch?v=avSQrOQCG6U,debate,non-hate
136,Migbelis Castellanos recuerda lo que hizo con su novio cuando empezaban a salir #DesigualesTV,57,900642,https://www.youtube.com/watch?v=b-XrcJCFvrw,speech,non-hate
137,La Barbie que le crecen los pechos - Barbie la pel√≠cula - #curiosidades #barbie,40,4338364,https://www.youtube.com/watch?v=MDK69TIxCts,speech,non-hate
138,¬øC√≥mo es ser mujer empoderada hoy en d√≠a? #empoderamiento #psicologia #mujer #poderfemenino,49,11137,https://www.youtube.com/watch?v=dk9YtTucrmM,debate,non-hate
139,Los HOMBRES Son Confusos?,59,2629706,https://www.youtube.com/watch?v=FOgZbB3iuds,debate,hate
140,LA BRECHA SALARIAL ES UN MITO  @IMPERIOKATARSIS  #shorts,36,74,https://www.youtube.com/watch?v=1ARpA5ZuAks,speech,hate
141,LAS GORDAS DE TIKTOK ODIAN A IBAI,526,780521,https://www.youtube.com/watch?v=fGGLUdaNqWM,response,hate
142,LO QUE QUIERAS! #podcast #humor #genero #identidade #ese #ley #hombres #mujeres #viral #shorts #fyp,30,2778,https://www.youtube.com/watch?v=YGgHJACkBR0,speech,hate
143,LA MASCULINIDAD T√ìXICA ‚ò¢Ô∏èüß™,47,16350,https://www.youtube.com/watch?v=g592TbQcScs,speech,hate
144,¬°Fu√≠ a GOT TALENT!,18,36398,https://www.youtube.com/watch?v=3WAqHY5EbWA,interview,non-hate
145,Provida y proaborto ¬°Coincideron!,32,219,https://www.youtube.com/watch?v=gCwtVYzLORQ,debate,non-hate
146,Los Hombres Prefieren MUJERES Dependientes #shorts #caraacara #mujeresempoderadas #terapia #podcast,48,4278,https://www.youtube.com/watch?v=Ovg6iL-_9jo,interview,non-hate
147,¬øTradicional o Moderna?,58,179139,https://www.youtube.com/watch?v=mC93SnMhs5A,informative,non-hate
148,¬øEstar√© reproduciendo micromachismos? #feminismo #parati #ideas #shorts #feminismo,43,9318,https://www.youtube.com/watch?v=ELwThyV5NLQ,speech,non-hate
149,As√≠ se responde a la transfobia. üëèüëè Ione Belarra #transrights #transrightsarehumanrights  #podemos,36,90335,https://www.youtube.com/watch?v=8rhOviHGqTs,debate,non-hate
150,"¬øCaso de TRANSFOBIAüò§?Un zapatero NO respet√≥ la identidad de una MUJER TRANSüè≥Ô∏è‚Äç‚ößÔ∏è, incluso la AMENAZ√ì",46,11988,https://www.youtube.com/watch?v=TrrMKp7-VnQ,interview,non-hate
151,HE-MAN hombre blanco hetero machista opresor #humor #feminismo #machismo #inclusion,40,481,https://www.youtube.com/watch?v=R7HjnzewwdA,debate,hate
152,Hacer microfeminismo s√≠ hace la diferencia! #alcontrario #ep97,36,590,https://www.youtube.com/watch?v=xJN1jE7So7Y,debate,non-hate
153,"Y t√∫, ¬øERES TR4NSFOB0?",60,4476005,https://www.youtube.com/watch?v=-bQeTwCq7Io,response,hate
154,igualdad o privilegio #feminista #feminismo #patriarcado #misoginia,15,2678,https://www.youtube.com/watch?v=esAH2bPPdWs,speech,hate
155,4 micromachismos cotidianos üîçüö∫,59,73,https://www.youtube.com/watch?v=qXO_Zqi6TLI,interview,non-hate
156,La moraleja de Henar √Ålvarez #mujeres #machismo #patriarcado,12,3232,https://www.youtube.com/watch?v=dWasU5q33vI,speech,non-hate
157,üè≥Ô∏è‚Äçüåà Por qu√© la bandera del Orgullo LGTB tiene nuevos colores y qu√© significan,24,349608,https://www.youtube.com/watch?v=BKjjOPNmMBM,speech,non-hate
158,üò¢üè≥Ô∏è‚Äçüåà‚ößÔ∏è As√≠ SUFRE ITZEL por ser NO BINARIA en El Amor Invencible,53,11197,https://www.youtube.com/watch?v=AbWFN9hbJ5U,speech,non-hate
159,La importancia de decir ‚Äúm√©dica‚Äù y ‚Äúdoctora‚Äù #parati #feminismo #youtubeshorts,58,85437,https://www.youtube.com/watch?v=mWzqttqrIcI,interview,non-hate
160,Rompiendo estereotipos de g√©nero en la educaci√≥n de nuestros hijos #shorts,50,1,https://www.youtube.com/watch?v=pqMD1WMPAwQ,debate,non-hate
161,¬øCre√©is que vive en los a√±os 50s?,58,81,https://www.youtube.com/watch?v=SlqesjOc0dc,debate,hate
162,¬øQu√© derechos les faltan?,56,8047,https://www.youtube.com/watch?v=9556eSLy_FU,parody,hate
163,¬øC√≥mo responderle a un Cachirulo? l Feminismo en Corto Sin Tanto Rollo,60,528,https://www.youtube.com/watch?v=-6DehSKYJmc,debate,non-hate
164,Los roles de g√©nero üëä #pedroprieto #pedroprietopodcast #rolesdegenero #hombresymujeres,16,2807,https://www.youtube.com/watch?v=mq5ETXezJ1k,speech,non-hate
165,70K En Instagram?üî∑ #raulzumba #humor #cambiodesexo #cafeteriareycas #reycas #jaen #ja√©n,12,4049,https://www.youtube.com/watch?v=mWea_-bkH9k,response,hate
166,La LUCHA es de TODOS #shorts #saludmental #hombres #mujeres #lucha,60,7970,https://www.youtube.com/watch?v=hZVZvmdhnMo,speech,non-hate
167,SER GORDO Y GORDA EST√Å BIEN üëç #gordofobia #gorda  #shorts,50,1383,https://www.youtube.com/watch?v=EQk6o1RGqkg,interview,non-hate
168,"#ArgentinaSinViolencias: estereotipos, v√≠nculos y masculinidades",60,24220,https://www.youtube.com/watch?v=Xiu6hzB0f0c,informative,non-hate
169,#barbie #review #analisis #cinema #peliculas #pelis #recomendaciones #feminism #barbiemovie #estreno,60,94078,https://www.youtube.com/watch?v=aCLZbP-WQCw,debate,non-hate
170,Pel√≠cula de Barbie: la desigualdad y machismo en Hollywood | Feminismo en Corto sin Tanto Rollo,42,144,https://www.youtube.com/watch?v=VTt0KYqxeOk,informative,non-hate
171,"""Los hombres no sirven para n4da"" (DEBATE √âPICO CON F3MINI$TA) | Emmanuel Danann",387,1028483,https://www.youtube.com/watch?v=U1FDkmTtQgE,debate,hate
172,¬øConoces a #marielaveau? üíú#8M #8M2024 #diainternacionaldelamujer #feminismo #mujerespoderosas #vudu,60,413,https://www.youtube.com/watch?v=OmTjinDq6_s,speech,non-hate
173,Las relaciones sociales y el papel de g√©nero,55,13660,https://www.youtube.com/watch?v=AHlnN0c9Vz4,speech,hate
174,El Gran Problema de Salud de los Hombres - La Masculinidad T√≥xica,58,420,https://www.youtube.com/watch?v=0Z9FaO8xOgU,debate,non-hate
175,Ceder la chaqueta es micromachismo #micromachismo #feministas #meme #funny #love #fyp„Ç∑,59,2349,https://www.youtube.com/watch?v=53btKT7eD-U,speech,hate
176,Agust√≠n Laje destroza la identidad de g√©nero | #agustinlaje #ideologiadeg√™nero,37,323550,https://www.youtube.com/watch?v=-6rduHeLjYQ,speech,hate
177,Y t√∫ eres feminista? #igualdad #equidad #alfa #feminismo #omega #beta #amor #8m,24,14058,https://www.youtube.com/watch?v=Eus2Sp95l2A,speech,hate
178,La GORDA me llama FRIKI | #humor #risa,24,26626994,https://www.youtube.com/watch?v=LVb5EcOp2vw,speech,hate
179,Educaci√≥n y roles de g√©nero.,56,128,https://www.youtube.com/watch?v=s1xeYl1x-F0,debate,non-hate
180,Feministas quieren meter padres a la c√°rcel #podcast #ideologiadegenero #feminismo #noticias,60,8258,https://www.youtube.com/watch?v=I0HnU8KZtO8,debate,hate
181,Binario o No Binario‚Ä¶ c√≥mo es eso?,60,7889,https://www.youtube.com/watch?v=CD--ALN9EeA,debate,hate
182,Cuidado con los Estereotipos de G√©nero @Psicovivir,42,895,https://www.youtube.com/watch?v=Sz5Xo6E8wWs,speech,non-hate
183,Mensajes para Feministas #shortsvideo #feminismo,52,1705,https://www.youtube.com/watch?v=28qnZd1QNvk,speech,hate
184,El padre machista | s√≠gueme en ig lavidadealex_ #humor #comedia #padre,55,107942,https://www.youtube.com/watch?v=wntgEJa1m-w,parody,hate
185,‚ôÄÔ∏è FEMINISMO para TODAS. Todos los d√≠as. #8m #feminismo,57,7186,https://www.youtube.com/watch?v=e4ziBMaOuc8,informative,non-hate
186,¬øQui√©n paga en la primera cita? #caradura #feministas #micromachismo #meme,55,1534,https://www.youtube.com/watch?v=0VXKs2A0ybY,speech,hate
187,Temachina t√≥xica pens√© que eras diferente pero eres igual que todas MODO Guerra mi compa,54,93619,https://www.youtube.com/watch?v=Lg24GFC9ocA,speech,hate
188,Privilegios del hombre #feminismo #Hombre #Mujer #igualdaddegenero,42,5450,https://www.youtube.com/watch?v=LvUrS03hhlM,speech,hate
189,Que significa ser no binarioüè≥Ô∏è‚Äçüåàüíú #NoBinario #ComunidadLGBTQ #IdentidadDeG√©nero #generonobinario,58,91,https://www.youtube.com/watch?v=9bmJAV_Ndfc,speech,non-hate
190,Mi marido es un machista! #machista #meme #8m #feministas #funny,57,2737,https://www.youtube.com/watch?v=SKluVX2wLUU,debate,hate
191,OTRA PROGRE DE SANCHEZ SIN CEREBRO #shorts #sanchez #PROGRE #pedrosanchez #vox #abascal #voxespa√±a,21,57232,https://www.youtube.com/watch?v=MdQ5gqeNQYA,speech,hate
192,ROMA: EL PAJ0TE #soyunmono #humor #actualidad #viral #feministas,26,7510,https://www.youtube.com/watch?v=2Kx1lnQI71c,speech,hate
193,¬øEl PATRIARCADO es un invento FEMINISTA? üò≥ | Juan Miguel Zunzunegui #69,58,50607,https://www.youtube.com/watch?v=aLDZBR8XDaY,response,hate
194,"NO PUEDES PENSAR POR TI MISMA, MUJER.",50,3463,https://www.youtube.com/watch?v=YdlejPshkSk,speech,hate
195,HOMBRE MACHISTA ES PUESTO EN SU LUGAR ü•∫ü•∫ü•∫‚òùÔ∏è,31,14114,https://www.youtube.com/watch?v=F9N-HTZfXjA,parody,hate
196,HOMBRES MALTRATADOS NO EXISTEN #soyunmono #soyunmonor #actualidad #genero #politica,49,7517,https://www.youtube.com/watch?v=fopVnl23z7w,speech,hate
197,La maternidad duele. @KrystianVazquez,59,48471,https://www.youtube.com/watch?v=DAuhVxUXzvI,speech,non-hate
198,Se puede fluir tu sexo?‚ößÔ∏èüöªü§î#feminismo #machismo #lgbt #hombre #mujer #genero #igualdad #cisgender,11,9382,https://www.youtube.com/watch?v=Fq4ZvHBFuq4,response,hate
199,"""Aborrecible y machista"": la AFE tambi√©n condena el beso sin consentimiento de Rubiales #rubiales",19,9721,https://www.youtube.com/watch?v=i7uoOuuRnA0,informative,non-hate
200,Italia elimina el g√©nero no binario,48,15,https://www.youtube.com/watch?v=4_3jAjOcvBw,interview,non-hate
201,"Una mujer empoderada, empodera a las dem√°süí™üèª#podcast #foryou #fyp #mujeres #empoderamiento #shorts",21,1842,https://www.youtube.com/watch?v=WWKDhQCad6w,debate,non-hate
202,üíä¬øPiensas igual sobre los anticonceptivos? #LQNTC,37,489,https://www.youtube.com/watch?v=BAOr3sQrUe8,interview,non-hate
203,PAGO M√ÅS POR TENER üçÜüçÜ#podcast #feminismo #machismo #autonomo #igualdad #injusticia #desigualdad,27,10463,https://www.youtube.com/watch?v=coTFErbfEAY,debate,hate
204,Pod√©s encontrar este y otros t√©rminos junto con Alhana en nuestro #podcast #expresi√≥n #genero,59,4,https://www.youtube.com/watch?v=8W1TDbtMgW0,debate,non-hate
205,Las ni√±as y adolescentes de hoy pueden ser feministasü§© #feminismo #parati #youtube #ideas,54,9732,https://www.youtube.com/watch?v=sB7ec2DMIpU,debate,hate
206,Joan Jett rompiendo estereotipos.,56,28098,https://www.youtube.com/watch?v=7CdP6jX5wp0,informative,non-hate
207,Laura Chimaras super√≥ los estereotipos de g√©nero y alcanz√≥ sus metas #indomables,42,555,https://www.youtube.com/watch?v=mLzphoUfCAM,interview,non-hate
208,"Chocolatadas y perreo  Ministerio de Igualdad, Gobierno de Espa√±a",37,5546,https://www.youtube.com/watch?v=dEIWmMObjDM,speech,hate
209,¬øQu√© son los MICROMACHISMOS? üëæ 2 Posibles explicaciones,14,3522,https://www.youtube.com/watch?v=Bnh8j9MGxv0,speech,hate
210,7 de marzo de 2022,10,99,https://www.youtube.com/watch?v=EbUGDDrhD1c,speech,non-hate
211,El patriarcado y la generaci√≥n Z. Machismo y j√≥venes @pamela_palenciano @_yahoraque_podcast  #shorts,37,4021,https://www.youtube.com/watch?v=wKdgyn8lndA,debate,non-hate
212,Los cupos de g√©nero son desigualdad,29,162347,https://www.youtube.com/watch?v=BKhFgdQi_G0,interview,hate
213,#podcast #relaciones #emociones #bienestar #amor #depresion #terapia #feminismo #8M #patriarcado,60,185,https://www.youtube.com/watch?v=lguPA1kNldE,debate,non-hate
214,Esc√∫chalo completo en M√°s All√° del Rosa en YouTube,60,23351,https://www.youtube.com/watch?v=KAOO0VENiRI,debate,non-hate
215,AMOR PROPIO‚ú® #autoestima #autoestimaalta #empoderamiento #autoestimabaja #motivation,39,157,https://www.youtube.com/watch?v=ur64ivBsa_s,debate,non-hate
216,ROMPER ESTEREOTIPOS #mujeres #mecanicas #coches #taller,48,5567,https://www.youtube.com/watch?v=fle7Arp9gYw,debate,non-hate
217,Rompiendo estereotipos de g√©nero: El poder de tomar la iniciativa,31,817,https://www.youtube.com/watch?v=bp0FWvYUPY0,speech,non-hate
218,Ingenieras Vs Machismo. #anecdotas #caf√© #inclusion #ingenieria #feminismo #machismo #ford #mexico,59,74,https://www.youtube.com/watch?v=N9sgozoVkhE,debate,non-hate
219,"‚ÄúEs un discurso machista, bochornoso, prepotente, indigno y vergonzante‚Äù",57,74918,https://www.youtube.com/watch?v=7xi7bg3yMbQ,debate,non-hate
220,¬øCu√°l es el objetivo del feminismo? #entrevistas #pol√≠tica #8m #feminismo #patriarcado #machismo,35,4542,https://www.youtube.com/watch?v=nmiF0ObwdZo,interview,non-hate
221,¬øSab√≠as esto de la masculinidad fr√°gil? #Shorts,59,17721,https://www.youtube.com/watch?v=s1_h-JOFXhE,speech,non-hate
222,Ma√±ueco y los que niegan la violencia machista - #shorts,59,37,https://www.youtube.com/watch?v=0j8UdkPIjrw,speech,non-hate
223,"Ayuso: ""La Ley Trans tiene que ser derogada""",47,24064,https://www.youtube.com/watch?v=6iGm70tgqvw,speech,non-hate
224,Sacerdote no binario,12,3723,https://www.youtube.com/watch?v=AIaZ7IewZDQ,speech,hate
225,"Chelo Garc√≠a-Cort√©s explica c√≥mo descubri√≥ su bisexulidad: ‚ÄúJose ya lo sab√≠a, pero no lo habl√°bamos‚Äù",38,9160,https://www.youtube.com/watch?v=WhzaaMsN-kg,interview,non-hate
226,trans no binarie,58,235,https://www.youtube.com/watch?v=ZZQNib_xtFA,interview,non-hate
227,"Amara La Negra y la Dra Nancy saben como evitar que te hagan ""bingo"" #DesigualesTV",32,267790,https://www.youtube.com/watch?v=Ez9aytWZMMQ,debate,hate
228,¬°El Cambio de Era Desmitificando los Estereotipos de G√©nero!,36,410,https://www.youtube.com/watch?v=Wrw8X-sO7ew,speech,hate
229,Recomendaci√≥n Cristina.,59,423,https://www.youtube.com/watch?v=YNleC75jXBM,response,hate
230,#8m #8meme #8marzo #8marzo2024 #8M2024,60,13906,https://www.youtube.com/watch?v=Vp6eLxquzmI,speech,hate
231,"""No me daba la gana"": Merche denuncia el machismo que sufri√≥ en sus primeros a√±os en la m√∫sica",60,108653,https://www.youtube.com/watch?v=oxs0lx7UzCc,interview,non-hate
232,Es no binarie y as√≠ habla,15,113221,https://www.youtube.com/watch?v=HAm9tB-RPQE,informative,non-hate
233,#carlagaleote #podemos #feministas,58,193115,https://www.youtube.com/watch?v=YqKq_v3YXwg,speech,hate
234,#feminismo #desarrollopersonal,32,10210,https://www.youtube.com/watch?v=3wMsEnLmbs4,interview,hate
235,Las MUJERES tienen M√ÅS DERECHOS que los hombres frente a la ley üßê #8m #feminismo,29,4113,https://www.youtube.com/watch?v=L57b3kbCkrk,response,hate
236,Sexualizaci√≥n Masculina #shorts #feminismo,54,78,https://www.youtube.com/watch?v=DRGv9GTmBi0,response,hate
237,Micromachismo  Descubriendo lo Invisible en Nuestras Vidas,55,435,https://www.youtube.com/watch?v=euz5-4VQwA4,debate,non-hate
238,‚ÄúEl FEMINISMO NO busca la IGUALDAD‚Äù#feminismo #8m #igualdad #patriarcado,57,499,https://www.youtube.com/watch?v=vn9J__MqxdE,debate,hate
239,#patriarcado #feminismo #machismo #ropa #shorts,33,424,https://www.youtube.com/watch?v=t8-30kVL7dA,speech,non-hate
240,Identidad de g√©nero | William Thomas,56,1882,https://www.youtube.com/watch?v=LYpCUuN2pJg,speech,hate
241,Estereotipos de g√©nero #short #shorts,31,647,https://www.youtube.com/watch?v=P7E5xfw1hzM,speech,non-hate
242,A ver cu√°ndo hac√©is las mismas preguntitas sobre maternidad a los padres tambi√©n #humor #podcast,60,681041,https://www.youtube.com/watch?v=BWJhtgG0yw0,interview,non-hate
243,Pap√° machista üôÑ #quienestamal #familia,60,124577,https://www.youtube.com/watch?v=qwGo4clNLDU,speech,non-hate
244,¬øQu√© derechos tiene un hombre en Espa√±a que no tenga una mujer?,47,14425,https://www.youtube.com/watch?v=sXfrx74KMzQ,interview,non-hate
245,La menopausia es la mejor etapa de la vida ‚ù§Ô∏è‚Äçü©π #podcast #feminismo,45,20078,https://www.youtube.com/watch?v=J-nnVzY_SY8,speech,non-hate
246,Se√±ales de #micromachismo en nuestro d√≠a a d√≠a ‚ö†Ô∏èüë©üèΩ‚úãüèΩüë®üèª #ElGustoDeEllas üíÅüèª‚Äç‚ôÄÔ∏è | EGDL12 üìª,60,153,https://www.youtube.com/watch?v=IV4uVDOUuJ4,speech,hate
247,IMAGINA CON PATXI #soyunmono #soyunmonor #humor #memes #actualidad #genero #comedia #politica,60,16741,https://www.youtube.com/watch?v=ra4Icz1Aba4,response,hate
248,¬øLa manipulaci√≥n de un agresor #MaruLozanoLlamas #forkadosmty #machistas #micromachismos #agresor,56,2556,https://www.youtube.com/watch?v=tj9K3P1Wr34,debate,non-hate
249,LA REINA DE LAS GORDAS SE RINDE Y DICE QUE EL BODYPOSITIVE ES UNA MENTIRA,765,240838,https://www.youtube.com/watch?v=MUXPxEUGYI0,speech,hate
250,violencia obstetrica #lgbtq #izquierda #progre,53,978,https://www.youtube.com/watch?v=iHaC4eAAqsM,report,hate
251,Red flags #amorpropio #feminista #feminismo,39,12233,https://www.youtube.com/watch?v=dLhqKC2x_II,speech,non-hate
252,‚Äú¬øLa violencia de g√©nero puede ser entre mujeres?‚Äù,60,1497,https://www.youtube.com/watch?v=cc_Dm2AGddc,debate,non-hate
253,Petit Comit√© T2P8 - Sobre el pr0x3n3t1sm0 y la #ley #podcast #feminismo #entrevista,50,1378,https://www.youtube.com/watch?v=up239XFhmJo,interview,non-hate
254,¬°DesafiÃÅa los estereotipos de geÃÅnero! Mujeres liderando el cambio empresarial Junto a P la influenc,37,421,https://www.youtube.com/watch?v=XF9ZDUZCQWU,interview,non-hate
255,Micromachismos #monologo #comedia #humor #machismo #realidad #edad #hijos,46,124,https://www.youtube.com/watch?v=QEv27nHedgw,speech,hate
256,Qu√© significa NO BINARIO | #leytrans #binario #nobinario #humor,32,74142,https://www.youtube.com/watch?v=ly1Og_-LWOI,debate,hate
257,"Silvia, Amarna y Piedad analizan con nosotras la violencia psicol√≥gica #Machismo #SaludMental",60,488,https://www.youtube.com/watch?v=fxITl8l8834,debate,non-hate
258,Ideas que hacen una masculinidad t√≥xica,26,227,https://www.youtube.com/watch?v=u7M4BW5x05g,speech,non-hate
259,Debate completo en nuestro canal,49,122613,https://www.youtube.com/watch?v=-SHBGbnTBN4,debate,hate
260,Modelos Gordas  La Belleza sin Tallas   Moda Inclusiva #gordofobia #plussizefashion #gorditas,17,6026,https://www.youtube.com/watch?v=YLRuEvxADm0,interview,non-hate
261,Le acusan de ser machista y responde esto. #feminismo #machismo #pol√≠tica #80s #tv #entrevista,24,264184,https://www.youtube.com/watch?v=34B7HAGKD_o,interview,hate
262,üåà IRENE MONTERO ESCUCHA LO QUE ES FEMINISMO #shorts #irenemontero #igualdad #vox #abascal,31,6348,https://www.youtube.com/watch?v=l2Zg-1Y15jo,speech,hate
263,¬øQu√© es ser g√©nero no binario? Entre Gays,38,14341,https://www.youtube.com/watch?v=ixBRmF-7zyo,interview,non-hate
264,El var√≥n es asesino por ser var√≥n machista | Jorge Libertad üóΩ,57,462109,https://www.youtube.com/watch?v=MN3AjPKJCGA,response,hate
265,Barbie CRITICA a MATTEL en su propia Pel√≠cula,59,73510,https://www.youtube.com/watch?v=BzR_IiCV-b0,speech,non-hate
266,Abuela feminista #feminismo #8m  #feminista,39,33647,https://www.youtube.com/watch?v=zVc1AJhpE84,speech,non-hate
267,Rol de G√©nero #feminismo #absurdo #rol #genero #soyununoalumpaclimatizado,15,379,https://www.youtube.com/watch?v=uG2eY11-Pic,speech,hate
268,El PRESIDENTE argentino Milei PROH√çBE el lenguaje INCLUSIVO | Ac2ality,53,15405,https://www.youtube.com/watch?v=tlsJ5iWstHM,informative,non-hate
269,Espa√±a es el ejemplo claro de feminismo radical. #feminismo #espa√±a #desigualdad #redpill,43,862,https://www.youtube.com/watch?v=JieqKVw_Qvk,speech,hate
270,El privilegio que tener un hombre as√≠#shorts/Lecciones de mujerüíã,21,447,https://www.youtube.com/watch?v=lusZ9jPRTh8,speech,non-hate
271,El Feminismo da Much√≠simo Dinero #negocio #feminismo #debate,54,11334,https://www.youtube.com/watch?v=V1FqZmoQTt4,speech,hate
272,‚ÄúPor el simple hecho de ser mujer‚Äù #feminismo #feministas #desigualdad #g√©nero #fyp #redpill #8m,35,4586,https://www.youtube.com/watch?v=bYjU7iyqUII,speech,hate
273,Los HOMOSEXUALES pueden ser HETEROS si QUIEREN (todo es mental) ‚úçüèº #lgbt #igualdad #brianzaballos,29,1647356,https://www.youtube.com/watch?v=YP9KBch9KOg,debate,hate
274,¬øQue es la misoginia y cu√°les son sus caracter√≠sticas? - Las Noticias,223,37199,https://www.youtube.com/watch?v=d7-VGDKDxoM,informative,non-hate
275,¬øLas GORDAS os TIRAN para ATR√ÅS? üö´ #gordofobia #bodyshaming #bodypositive #igualdad,52,2464786,https://www.youtube.com/watch?v=KVcYt6r3Ows,debate,hate
276,¬øQueÃÅ es una persona no binarie? #nobinarie #nobinario #nobinaria #rolesdegenero #identidaddegenero,52,525,https://www.youtube.com/watch?v=H9QJPKsNfPE,speech,non-hate
277,Consejos para persones bonitas de la cara. #humor #podcast #comedia #confesiones #confiesa #gorditas,21,2240,https://www.youtube.com/watch?v=-spapLA9Fa4,response,hate
278,Entendiendo que es el #patriarcado para las #feministas y que es en verdad,57,181,https://www.youtube.com/watch?v=N6_4l1Xhv-E,speech,non-hate
279,2 GORDOF√ìBICOS DISCUTIENDO #psicologia #worldcast #relaciones #relacionest√≥xicas #amor #realidad,57,12489,https://www.youtube.com/watch?v=QwBIJYm6rO8,debate,hate
280,GORDOFOBICA busca el amor en una plataforma para el amor | Reacci√≥n al video,45,2747,https://www.youtube.com/watch?v=nTrDs1b0R84,debate,hate
281,¬øLas personas GORDAS no ENCUENTRAN el AMOR? ‚úçüèº #brianzaballos #gimnasio #gordofobia #fitnessespa√±a,54,207002,https://www.youtube.com/watch?v=yddWmvvLyzg,speech,hate
282,NUEVO PODCAST CON OMMAR SHAWKII #danielca√±ete #vemarket #masculinidad #despertardelalma #omarshawki,60,3407736,https://www.youtube.com/watch?v=_17xS5eYjBY,response,hate
283,Los estereotipos en la sociedad ü´°.#barranquilla #colombia  #genero #realidad #estigmas #sociedad,60,68,https://www.youtube.com/watch?v=W7uhRJVfORk,interview,non-hate
284,DEBES SABER ESTO de los Principales Estereotipos en el mundo #shorts,57,628,https://www.youtube.com/watch?v=IyfVVn4IVgA,informative,non-hate
285,"MARA JIM√âNEZ ACUSA P√öBLICAMENTE a RESCUEYOU de MACHISTA, HOM√ìFOBO y GORD√ìFOBO | DoctorFem #shorts",58,401,https://www.youtube.com/watch?v=rvf31AR29yE,speech,hate
286,No binarie y lesbianaüåà #nobinarie #nonbinary #lesbiana #lesbian #lgbt #shorts #tiktok #viral,34,34,https://www.youtube.com/watch?v=xuNnnn9S-3g,speech,non-hate
287,MASCULINIDAD TOXICA,59,27227,https://www.youtube.com/watch?v=WSHJATzhAYM,interview,non-hate
288,Violencia machista | ¬øSabes detectarla?,51,2262,https://www.youtube.com/watch?v=wRFbMEKJpoo,interview,non-hate
289,Feministes #ideologiadegenero #igualdad #feminismo,36,2386,https://www.youtube.com/watch?v=M3PxZxXz1fI,speech,hate
290,La pregunta machista que hice a Chanel üò∞,42,3216270,https://www.youtube.com/watch?v=5uIhqmX515Q,debate,hate
291,¬øRelaciones abiertas? #mujeres #parejas #relaciones,52,239558,https://www.youtube.com/watch?v=N06F6NjOGVc,speech,hate
292,#maternidad,52,59286,https://www.youtube.com/watch?v=4nk4dnNFqE4,speech,hate
293,üò∞üò∞ESTEREOTIPO de la MASCULINIDAD T√ìXICA,50,4895,https://www.youtube.com/watch?v=yGtZLyePTIE,speech,non-hate
294,‚Äº Ya puedes pedir la baja por regla dolorosa. ¬°Te explicamos c√≥mo!,24,542,https://www.youtube.com/watch?v=Vn5mjI3eZ-w,informative,non-hate
295,Revolucionando los roles de g√©nero  Deconstruyendo expectativas sobre ser mujer y madre #podcast,37,1061,https://www.youtube.com/watch?v=OgQBul-arfo,speech,non-hate
296,Sobre los roles de g√©neros #femenismo #gustavobueno #genero,57,565,https://www.youtube.com/watch?v=kiQGRxSql38,debate,hate
297,LA CABEZA DE LA FAMILIA ES #detounchin #bienestarsexual #delunesaviernes,18,241,https://www.youtube.com/watch?v=nuvENKmzgH0,interview,non-hate
298,"""V√≠stima "" triplemente oprimida ü§£ #podcast #machismo #humor #ideologiadegenero #entrevista #comedia",58,2476,https://www.youtube.com/watch?v=oYpPswPaBWc,debate,hate
299,qu√© ba√±o uso siendo trans? #trans #mtf #transgenero,39,1536310,https://www.youtube.com/watch?v=derQ-_JLUUI,interview,non-hate
300,Feminismo radical/8m #feminismo  #feminismoradical #radical #mujer #mujeres #shorts #viral #odio #8m,60,568,https://www.youtube.com/watch?v=6GUPfJJV4pY,speech,hate
301,"Chica vs chico, otro pleito de igualdad de g√©nero",75,721137,https://www.youtube.com/watch?v=MZ4NVK3y7w4,debate,non-hate
302,Hombre blanco privilegiado.,28,30089,https://www.youtube.com/watch?v=xjK1IHK4izQ,speech,non-hate
303,üíú EMOCIONANTE #DISCURSO de una #v√≠ctima de violencia #machista #noticias #espa√±a #shorts #feminismo,57,19537,https://www.youtube.com/watch?v=sc0DG1klVYg,debate,non-hate
304,Cambio de hombre a mujer #igualdad #hombre #feminismo,48,6274,https://www.youtube.com/watch?v=P5zVG_XqKEc,speech,hate
305,üö®La mujer Empoderada NO es como creesü§¶‚Äç‚ôÇÔ∏è,33,7542,https://www.youtube.com/watch?v=0FVzcgxrcLs,speech,hate
306,DICE QUE LOS CHICOS NO LA QUIEREN POR SER GORDA üò≥,728,82381,https://www.youtube.com/watch?v=CIFqSHI9NmE,speech,hate
307,¬øSer caballeroso es machismo?,43,356,https://www.youtube.com/watch?v=zU8GogK7j9g,debate,hate
308,Se Pone TENSO Cuando Asume Que NO MANTENDR√çA A Una Mujer üò≥ #shorts,40,690160,https://www.youtube.com/watch?v=hvf1xrPpjZc,debate,hate
309,Violencia de g√©nero #mix #genero #violenciadegenero #feminism #funny #fyp,51,984,https://www.youtube.com/watch?v=WDg_eFurkc8,debate,hate
310,MICROMACHISMO #short,7,5133,https://www.youtube.com/watch?v=F5zqJjjYdKo,speech,hate
311,"""No os vais a hacer ricas vendiendo fotos de pies"" #feminismo #redpill  #mujeresfacturan",29,862807,https://www.youtube.com/watch?v=8R25E6przcI,informative,non-hate
312,"Respondo a TR4NS ""no binarie"" üòµ‚Äçüí´",57,10981112,https://www.youtube.com/watch?v=fDMbU0mgmVw,response,hate
313,Creciendo en diferentes roles de geÃÅnero Mi lucha por la aceptacioÃÅn y el humor,40,6510,https://www.youtube.com/watch?v=Pr6EQW2mtEI,speech,non-hate
314,Las ni√±as y adolescentes de hoy pueden ser feministasü§© #feminismo #parati #youtube #ideas,54,9735,https://www.youtube.com/watch?v=sB7ec2DMIpU,debate,non-hate
315,PODCAST COMPLETO DISPONIBLE #danielca√±ete #podcast #vemarket #transgenero #perspectivadeg√©nero,17,29791,https://www.youtube.com/watch?v=HTWdMIb7qmQ,speech,hate
316,La t√≠a machista #humor #comedia,39,121819,https://www.youtube.com/watch?v=M3_dhzLsl7s,speech,hate
317,El feminismo es hipocres√≠a pura,29,109546,https://www.youtube.com/watch?v=LlU4fUBAx3Q,interview,hate
318,Desenmascarando el machismo en nuestra sociedad Todos somos responsables #podcast#feminismo#machismo,51,79244,https://www.youtube.com/watch?v=jkNqKc82U4M,interview,hate
319,C√≥mo me Siento Siendo Hombre Frente a una Mujer: Rompiendo los Estereotipos de G√©nero üí™üë©,56,1357,https://www.youtube.com/watch?v=3a9rYkCcX1Y,speech,non-hate
320,#jessicafernandez #masalladelrosa #viral #fyp #maternidad #feminismo #decisionesdif√≠ciles,46,8094,https://www.youtube.com/watch?v=hyDKk-6FFeU,debate,non-hate
321,#OnlineMami habla sobre la discriminaci√≥n en las fiestas,37,5885,https://www.youtube.com/watch?v=IxSz7nzj1-g,speech,non-hate
322,ESTO le quita el sue√±o a SOFIA VERGARA en 2024,36,1208430,https://www.youtube.com/watch?v=35qIs5qse0k,interview,non-hate
323,GORDOFOBIA A LAS MUJERES,575,709990,https://www.youtube.com/watch?v=Q7s-07dVHSc,debate,hate
324,¬øES UN HOMBRE O UNA MUJER? üßê #shorts #machismo,51,1013,https://www.youtube.com/watch?v=MYcnseoCJmk,speech,non-hate
325,aun queda mucho por cambiarüí™üèº #educaci√≥n #podcast #roles #literatura #genero,25,14,https://www.youtube.com/watch?v=zZdpFZC797c,interview,non-hate
326,Los celos son cosa del patriarcado,55,3011,https://www.youtube.com/watch?v=tFVu3pnD63w,speech,hate
327,Desmantelando el machismo El sexismo no tiene g√©nero #podcast #clips #entrevista #feminismo #genero,59,3824836,https://www.youtube.com/watch?v=o2vOR9KxPWM,interview,hate
328,¬øSer masculino es algo malo? ¬ødebemos temer nuestra masculinidad? #shorts,57,2485,https://www.youtube.com/watch?v=VMep9DmJDak,speech,non-hate
329,VANDALISMO en EL DIA de LA MUJER‚ôÄÔ∏è #shorts,28,3567,https://www.youtube.com/watch?v=2tQTPVDomLw,speech,hate
330,Mujer cat√≥lica no baja de ‚Äúpir#%‚Äù a influencer por su outfit,54,3011421,https://www.youtube.com/watch?v=k0imHLis2_o,report,hate
331,Silvia Abril: ‚ÄúMientras est√©s gorda no podr√°s ser actriz‚Äù,52,283198,https://www.youtube.com/watch?v=zU903ay2I_U,speech,non-hate
332,mensaje de #laMars,74,1280,https://www.youtube.com/watch?v=JMeixaBkzmA,speech,hate
333,El feminismo no casa con la religi√≥n #redpill #redpillpodcast #feminismo #feminista #feministas,54,756070,https://www.youtube.com/watch?v=g45ldmXij4c,debate,hate
334,33 g√©neros reconocidos #pedrobuerbaum #genero #sociedad,58,53372,https://www.youtube.com/watch?v=S8li-3VG2bc,speech,hate
335,¬øTienen privilegios los hombres en Espa√±a? #pol√≠tica #8m #feminismo #patriarcado,40,10254,https://www.youtube.com/watch?v=0Td4pbWUV7o,interview,non-hate
336,#Cr√≥nicasVioleta La mejor raci√≥n,35,156612,https://www.youtube.com/watch?v=fhrU0zbsZAY,debate,non-hate
337,Chico bueno vs chico malo #casaverde72 #entrevista #feminismo,53,36623,https://www.youtube.com/watch?v=HwT2wnGcrPk,debate,non-hate
338,¬øpor qu√© pens√°is que tenemos tanto inter√©s en saber el sexo del beb√©? #educaci√≥n #roles #genero,29,4,https://www.youtube.com/watch?v=tQQ-Vt59swk,interview,non-hate
339,Mi madre LuchoÃÅ por nosotros Sola - Ana B√°rbara #shorts #caraacara #anab√°rbara #mujeresempoderadas,42,1217089,https://www.youtube.com/watch?v=WuUMGY5peX8,interview,non-hate
340,COMO AFECTAN LOS ESTEREOTIPOS FE G√âNERO A LA IDENTIDAD? #g√©neros,44,54,https://www.youtube.com/watch?v=qVHrSGqYETg,speech,non-hate
341,"chantaje, dadas Liam y cherry #polemica #dalasreview #dalas #Liam #roblox #cherry",28,2368,https://www.youtube.com/watch?v=Oi_3wCbcWoU,speech,hate
342,¬øCu√°l es la relaci√≥n entre los estereotipos de g√©nero e impunidad? | #Derechoaunclic #estereotipos,56,116,https://www.youtube.com/watch?v=B7efL1L7M1M,speech,non-hate
343,Datos relevantes para el 8M #8m #8marzo #8marzo2024 #d√≠adelamujer #desigualdad #trabajonoremunerado,55,4060,https://www.youtube.com/watch?v=sx30cXMzSKU,debate,non-hate
344,D√çA DEL ORGULLO | La historia de los DERECHOS LGTBI en seis minutos | Espa√±a,395,55835,https://www.youtube.com/watch?v=yQ_0LV_SVFE,speech,non-hate
345,Ver√≥nica Valenzuela: la violencia debe ser combatida sin etiquetas de g√©nero ni sexo,60,207,https://www.youtube.com/watch?v=kiNtv_0bAac,speech,hate
346,Los HOMBRES OPRIMEN a las MUJERES üëÄü§∑üèª‚Äç‚ôÇÔ∏è #feminismo #shorts #youtubeshorts #viral #viralvideo,36,9451,https://www.youtube.com/watch?v=84AGDqjZFmw,debate,hate
347,¬øPadres ausentes o padres migrantes? #podcast #feminismo #ideologiadegenero #opinion,60,13552,https://www.youtube.com/watch?v=MpF6XCzjhBE,speech,hate
348,¬øEs necesario el feminismo en 2024?,60,1514,https://www.youtube.com/watch?v=yUaVEaVJ4u8,interview,non-hate
349,Feministas  y Auto descompuesto,17,397,https://www.youtube.com/watch?v=wReRoIKF8ho,speech,hate
350,Trailer de La gran mentira de Llados: capitalismo y masculinidad t√≥xica,41,9191,https://www.youtube.com/watch?v=80E8uIbeiWM,interview,non-hate
351,#feminismo #feminicida #patriarcado #fyp,41,2378,https://www.youtube.com/watch?v=s-tEt7Ip-5M,debate,non-hate
352,Le puedo gustar a alguien siendo gorda?,37,2077371,https://www.youtube.com/watch?v=R9BibU5C5JY,speech,non-hate
353,Que vas hacer ahora? #irenemontero #Afganistan #politicos #mujeres #derechos  #feministas,16,70845,https://www.youtube.com/watch?v=WY24hDvbXIM,response,hate
354,Las mujeres se sienten m√°s atra√≠das por hombres que son capaces de protegerlas  #feministas,59,709500,https://www.youtube.com/watch?v=-PQKzpLi70I,response,hate
355,Hay mam√°s que usan a los hijos de reh√©n #opinion #violenciavicaria #violenciadegenero #feminismo,60,388,https://www.youtube.com/watch?v=iOMdKVWRfCI,response,hate
356,‚ú®maquill√°ndome con audios misoginos ‚ú®#misoginia #feminismo #machismo #makeup #reels #beautyblogger,14,13320,https://www.youtube.com/watch?v=Yx2_vnaAmQU,speech,hate
357,¬øQu√© opinas del feminismo? #entrevistas #pol√≠tica #8m #feminismo #patriarcado #machismo #igualdad,59,2743,https://www.youtube.com/watch?v=miFVkA7-7wo,debate,non-hate
358,‚ÄúSolo Para Hombres‚Äù ‚ÄúSabe  Mucho  y Es Mujer‚Äù. Machismo y Micro-machismo ü§∑üèª‚Äç‚ôÄÔ∏èüòèüíú,59,469,https://www.youtube.com/watch?v=jA0DXoBL0CE,speech,non-hate
359,Lenguaje inclusivo ü§∑- #shorts #feminismo #lenguajeinclusivo,33,4042,https://www.youtube.com/watch?v=Q_p3Jlky90s,speech,hate
360,Feminismo rid√≠culoüö∑üö∑#fyp #podcast #feminismo #ministerio #igualdad #gobierno #prostitucion #dinero,30,36,https://www.youtube.com/watch?v=oKVOETaF0Qk,speech,hate
361,NO PUEDE SER ...,58,119,https://www.youtube.com/watch?v=Xwo6lRU_77A,speech,hate
362,Hay animales no binarios #pedrobuerbaum #nobinario #animales,13,24449,https://www.youtube.com/watch?v=DNWgTY9NYrU,debate,non-hate
363,Vox se niega a guardar un minuto de silencio por las v√≠ctimas de violencia machista,58,36943,https://www.youtube.com/watch?v=gPTfiubXRvU,speech,non-hate
364,Maneras de romper el pacto patriarcal. | #feminismo #feminista #machismo #patriarcado #mujer #viral,33,794,https://www.youtube.com/watch?v=KVwK6PtXx-I,speech,non-hate
365,Respuesta a feministas que dicen que ‚Äúsin hombres estar√≠amos mejor‚Äù. #feministas #radfem #redpill,57,1898,https://www.youtube.com/watch?v=9j0Ukar3N1w,speech,hate
366,#feministas #8m#irenemontero #micromachismo,55,1225,https://www.youtube.com/watch?v=_9BuPZvJo2E,debate,hate
367,"Respondo a estos personajes ""no binarios""",38,574255,https://www.youtube.com/watch?v=K0BbT3DozF0,interview,hate
368,Ester Exp√≥sito recuerda a las v√≠ctimas de violencia machista en su discurso en #GQMOTY,57,6013,https://www.youtube.com/watch?v=p6gxQMW0Bk8,interview,non-hate
369,"Marcela vs DANANN, igualdad de g√©nero destruida | Jorge Libertad üóΩ",57,2473023,https://www.youtube.com/watch?v=cV1pQZV0uH0,parody,hate
370,Miss Portugal #miss #portugal #concursomiss #missuniverso #trans #transgenero #leytrans #viral,6,3718,https://www.youtube.com/watch?v=A-IJ3yWFAXw,debate,hate
371,C√≥mo Ser una Mujer Independiente #shorts #caraacara #terapia #girlpower #mujeresempoderadas,30,2281,https://www.youtube.com/watch?v=FPu65yIvSJI,interview,non-hate
372,‚ú®Ciclo de cortos sobre MICROMACHISMOS Y VIOLENCIA NO (TAN) EVIDENTE‚ú®,59,1837,https://www.youtube.com/watch?v=oaTqhCVYTQs,interview,non-hate
373,#Feminista ¬øQui√©n es verdadera feminista para mi? #aboga2 #custodiacompartida #mujer #mujeresfuertes,29,18301,https://www.youtube.com/watch?v=GKp2C_ZkrI8,speech,hate
374,¬øQu√© son los micromachismos?,58,442,https://www.youtube.com/watch?v=LcFGlzOyDPU,speech,non-hate
375,¬øLos hombres pueden MENSTRUAR? ü©∏üëÄ Lo que dice Google ü•¥,60,314353,https://www.youtube.com/watch?v=1DQrjCM0yEI,debate,hate
376,El hate en las redes a la gente transexual,42,5967,https://www.youtube.com/watch?v=c8LmUBNWaqs,speech,non-hate
377,Nunca subestimen el poder de una mujer!! Este hombre es un machista duda de la Dra. #novelas #drama,39,1551958,https://www.youtube.com/watch?v=v2vxM_ruMRo,debate,non-hate
378,Machismo o psicosis #machista #esquizofrenia #psicologia #psicologia,58,703,https://www.youtube.com/watch?v=n2llVTC6nyw,speech,non-hate
379,"Irene Montero, sobre la gestaci√≥n subrogada: ""No es legal en #Espa√±a"" #shorts",24,35603,https://www.youtube.com/watch?v=hMk8PtHfG38,informative,non-hate
380,Me siento un perro #genero #fluido #carencia #emociona #autoestimaalta #muje #lucescamarasaccion #me,49,2380,https://www.youtube.com/watch?v=zTqcTKdVMAE,speech,hate
381,La esposa de Kicillof se enoj√≥ porque no puede hablar con la E #BuenosAires #Letras #Genero #Conicet,51,512383,https://www.youtube.com/watch?v=DtGde4q0kDE,informative,non-hate
382,El PRIVILEGIO DE SER HOMBRE,59,246228,https://www.youtube.com/watch?v=5jZTIXLaaOE,debate,hate
383,MICROMACHISMOS,57,274,https://www.youtube.com/watch?v=oACTaFWGhOg,speech,hate
384,NO ES UN PRIVILEGIO SER HOMBRE,45,20248,https://www.youtube.com/watch?v=6VMl5TdGfDw,reponse,hate
385,üö®El FIN de ESPA√ëA üö® La Baja por Regla Dolorosa,59,28,https://www.youtube.com/watch?v=lO-VPdYCHFY,speech,hate
386,ME AMENAZ√ì UN ALIADE.,296,172651,https://www.youtube.com/watch?v=6x2vd9wBnaE,debate,hate
387,LA MASCULINIDAD T√ìXICA NO EXISTE #shorts,11,18311,https://www.youtube.com/watch?v=oJLNswixtPc,speech,hate
388,Tenemos la versi√≥n femenina milenial de Willy Toledo #progre #orgullo,50,8268,https://www.youtube.com/watch?v=M5J4_oeLh2w,interview,hate
389,√Ångela Ponce habla sobre su transici√≥n en Querido Hater,59,110567,https://www.youtube.com/watch?v=6oSEBiOCx0I,debate,non-hate
390,üè≥Ô∏è‚Äçüåàüè≥‚Äç‚öß Solo Luis!,56,1336,https://www.youtube.com/watch?v=bVny56gAFKs,speech,non-hate
391,"‚ÄúLe puso 50 millones de cachos‚Äù, Niurka Marcos sobre #WilliamLevy y Elizabeth | #elgordoylaflaca",55,2717612,https://www.youtube.com/watch?v=aeadeQ4adv4,interview,hate
392,Samantha Hudson es un aboga por la p3rversi0n #feminismo #perversion #feminista,59,349744,https://www.youtube.com/watch?v=jHg44OWsbVQ,speech,hate
393,Doble moral‚Ä¶ #critica #social #espa√±a #feminismo #g√©nero #desigualdad #machismo,43,1707,https://www.youtube.com/watch?v=WVFPfbN37IU,speech,hate
394,No binarieüíõü§çüíúüñ§ #lgbt #nobinarie #nonbinary #shorts #shortsviral #viral #viralvideo #viralshorts,42,254,https://www.youtube.com/watch?v=FNr5qXWzlLk,speech,non-hate
395,#MINISTERIO DE #IGUALDAD #GENERO #IRENE #MONTERO #LOVE #SHORTS #HUMOR #RISAS,15,2041,https://www.youtube.com/watch?v=UQlz9uUTSsQ,debate,hate
396,"El ""patriarcado"" y las mujeres #patriarcado #feminismo #economia #politica #liberalismo",21,10098,https://www.youtube.com/watch?v=ZqaRLzDdstg,debate,hate
397,Los Hor√≥scopos y su Influencia en el Mundo Emocional #temach #mujeres #ciencia,46,8755,https://www.youtube.com/watch?v=uBwYQSAsPTo,debate,hate
398,Los micromachismos son el verdadero problema,58,24539,https://www.youtube.com/watch?v=Rvo8PYb_0cw,interview,hate
399,Yo me identifico con genero no binarioüí§,35,37265,https://www.youtube.com/watch?v=5Kqu-2AV8oI,speech,hate
400,No soy Feminista #feministas #meme #funny #love #fyp„Ç∑ #noticias #trending #viral,56,3611,https://www.youtube.com/watch?v=d-H2OQEE9e0,speech,hate
401,¬øC√≥mo afecta la ansiedad a nuestra sexualidad? Todo en el episodio de algrano. #mujeresempoderadas,26,426,https://www.youtube.com/watch?v=xUwXK9bLJ_o,interview,non-hate
402,Crimen en #Moratalaz: fue violencia machista,58,6006,https://www.youtube.com/watch?v=wOtf38pFhuU,speech,non-hate
403,#newderecha #libertad #ideologiadegenero #faminismo #hembrismo #politica #hombres #mujeres #idiotas,59,1947,https://www.youtube.com/watch?v=Xc6uHhYtDAY,speech,hate
404,LA HIPOCRES√çA de Jennifer Lawrence en Los Juegos del Hambre,60,4170,https://www.youtube.com/watch?v=rxCaJ_MndOs,interview,hate
405,ü¶Ñ RIDICULO üëÄ FEMINISTA HUMILLADA EN DIRECTO EN LA SEXTA #shorts #feminista #igualdad #lgtbi #lasexta,51,78,https://www.youtube.com/watch?v=DI6Wc95746M,debate,hate
406,¬øG√©nero machista? ü§î #moluscotv #cortosdemoluscotv #lasista #shorts,60,1453,https://www.youtube.com/watch?v=YxVM7aX84Gk,speech,non-hate
407,La junta directiva de amigas feministas #redpill #podcast #feminismo,54,155662,https://www.youtube.com/watch?v=RsrebQRPbDU,debate,hate
408,HOMBRES vs MUJERES,47,366139,https://www.youtube.com/watch?v=vxwa4hk3-IU,interview,non-hate
409,"Mar√≠a Jes√∫s Botella: ""La brecha salarial no es por ser hombre o mujer"" | Espa√±a",55,3254,https://www.youtube.com/watch?v=oewzTtaZTeE,debate,non-hate
410,Las Mujeres somos Capaces de salir adelante Solas #caraacara #8m #shorts #mujeresempoderadas,31,1420,https://www.youtube.com/watch?v=GSWcXkEkPzY,interview,non-hate
411,Nuevos roles de g√©nero,57,1341,https://www.youtube.com/watch?v=tyg2-2mn0t4,debate,non-hate
412,√Ångel Mart√≠n sobre el FEMINISMO y MACHISMO en Espa√±a üß®üß®üß®,59,24281,https://www.youtube.com/watch?v=rn6PRrD52aI,speech,non-hate
413,EL SUFRIMIENTO POR SER MUJER #carlagaleote #feministas #cortos,46,35033,https://www.youtube.com/watch?v=mtIXWuRztXQ,speech,hate
414,¬øEsto es GORDOFOBIA? ü•µ,60,1817,https://www.youtube.com/watch?v=QHK3prVTN6U,response,hate
415,La P√âRDIDA de la masculinidad tiene un origen. #guerra #arte #ronin #masculinidad #hombres,54,4478,https://www.youtube.com/watch?v=zeFqmKn_IIc,speech,non-hate
416,Lenguaje INCLUSIVO!!! #shorts #youtube #mujer #hombre #igualdad #tonterias,43,5268,https://www.youtube.com/watch?v=TZJPW-5CLk0,speech,hate
417,Como ser empatico rompiendo con los roles de genero. Ep completo en #youtube #pareja #millennials,35,449,https://www.youtube.com/watch?v=VuObcE5tRK0,debate,non-hate
418,Combatiendo los estereotipos de g√©nero  La masculinidad y la feminidad,30,993,https://www.youtube.com/watch?v=NCsI0vP8uYA,interview,hate
419,¬øQU√â ES EL PATRIARCADO? #shorts,12,17685,https://www.youtube.com/watch?v=w756IlR4n9k,speech,hate
420,EL PRIVILEGIO DE SER HOMBRE,34,1653,https://www.youtube.com/watch?v=2oi9ZVOsNlo,interview,hate
421,¬øQu√© es el patriarcado? #masculinidad #patriarcado #nuevamasculinidad,43,82,https://www.youtube.com/watch?v=1fC2Owe51bs,debate,non-hate
422,Yo soy una mujerüè≥Ô∏è‚Äçüåà #personastrans #transgenero #mujertrans,16,4801,https://www.youtube.com/watch?v=PLYaay6gMcY,response,non-hate
423,Mundo Machistaü§¨ #shorts #podcast,14,123,https://www.youtube.com/watch?v=ldikcmNsSNo,speech,non-hate
424,El impacto de los roles de g√©nero en las redes sociales,52,101,https://www.youtube.com/watch?v=VHU472kX4C4,speech,hate
425,üë®‚Äçüë©‚Äçüë¶ ¬øEs el modelo familiar isl√°mico PATRIARCAL? #familia #feminismo #pareja #islam,60,10012,https://www.youtube.com/watch?v=EQ72WthRWA0,speech,non-hate
426,illojuan machista,9,854,https://www.youtube.com/watch?v=FnrV3qonhY8,informative,hate
427,Tr4ns te dice lo que te tiene que gustar #trans #lgtb #hombres #short,30,5723,https://www.youtube.com/watch?v=IpmlRlikzik,response,hate
428,BAJA PAGADA POR REGLA.,42,2423,https://www.youtube.com/watch?v=1umXhZvDEbU,informative,non-hate
429,"Feminista define qu√© es ""no binario""",25,14455,https://www.youtube.com/watch?v=WD-DheD1zfY,informative,non-hate
430,üö® Los roles de g√©nero de antes VS ahora #ponchodenigris #rolesdegenero,60,2492,https://www.youtube.com/watch?v=L_TpIcvz0_c,speech,non-hate
431,Resentimiento heredado de sus madres #redpill #feminismo #machismo,55,87948,https://www.youtube.com/watch?v=HxYgFsOJpeY,speech,non-hate
432,Psicologa revela datos interesantes sobre el enga√±o  #podcast #mujeres #psicologia,25,11883,https://www.youtube.com/watch?v=8u1t7IIOtLM,debate,non-hate
433,DEBATE FEMINISTA #feminismo #debate #worldcast #podcast #patriarcado,54,44392,https://www.youtube.com/watch?v=9dKCS7msmcE,debate,hate
434,No LIGO por ser GORDA | #feminismo #machismo #gordofobia,24,1058065,https://www.youtube.com/watch?v=Bda1Ttox9mQ,parody,hate
435,#sexualidad #energ√≠a #masculino #femenino #culpa #genero #diversidad #podcast #entrevista #sanar,35,1303,https://www.youtube.com/watch?v=3pILxqQbqpg,debate,non-hate
436,"O eres machista, o eres feminista (quieras o no)",42,8815,https://www.youtube.com/watch?v=X2NEBrCmlRg,informative,non-hate
437,C√≥mo evitar los estereotipos de g√©nero  Rompiendo barreras y construyendo igualdad,35,440,https://www.youtube.com/watch?v=8TNjglKFsYQ,speech,hate
438,¬°Este es el  REGALO que nos da la MENOPAUSIA!,40,94175,https://www.youtube.com/watch?v=A5Cb5-QoM78,speech,non-hate
439,As√≠ creen que se ver√°n las Mujeres si van al Gym üôÑ - Lo Mejor del Gimnasio & Fitness,17,19381423,https://www.youtube.com/watch?v=9IWgEYR24WI,speech,hate
440,Qu√© son los roles de g√©nero ü§î #estereotipos #genero #hombre #mujer #sociedad,60,245,https://www.youtube.com/watch?v=5lUxXJFxEGE,debate,non-hate
441,"üß† ""El cerebro cambia MUCH√çSIMO en la maternidad"" ü§∞",39,3735,https://www.youtube.com/watch?v=iWRkupbkq1I,speech,non-hate
442,Riesgos de hombres y mujeres #igualdad #feminismo #machismo #genero #rolesdegenero #actualidad,54,289,https://www.youtube.com/watch?v=8cfimlD_FUU,response,hate
443,"Giuliana Caccia: el g√©nero no est√° avanzando, se creen una √©lite intelectual superior. #ONU",55,82,https://www.youtube.com/watch?v=_ra6eL7gNOM,debate,non-hate
